,importance
CostToRevenueRatio,0.36702367663383484
Segment_Full-service,0.14470095932483673
GrowthAdjustedOrders,0.10932676494121552
COGSRate,0.08865486085414886
MonthlyOrders,0.054415225982666016
UE_share,0.0513160303235054
Commission_x_DDshare,0.04200651869177818
SD_share,0.04194751754403114
Commission_x_UEshare,0.020927749574184418
AOV_x_Growth,0.01853693649172783
AOV,0.014957260340452194
OPEXRate,0.014527490362524986
InStoreShare,0.00961669348180294
SD_CostRatio,0.005885589402168989
Segment_Cafe,0.002468524733558297
DeliveryRadiusKM,0.0022912700660526752
Segment_Ghost Kitchen,0.001612585037946701
CommissionRate,0.0015053731622174382
DeliveryCost_x_SDshare,0.001130836782976985
AggregatorShare,0.0008495509973727167
CuisineType_Indian,0.0008481908589601517
DeliveryCostPerOrder,0.0007385163335129619
Subregion_CBD,0.0006885409238748252
GrowthFactor,0.0005874815979041159
CuisineType_Burgers,0.0005406106356531382
DD_share,0.00045619974844157696
CuisineType_Kebabs/Mediterranean,0.0004400951729621738
CuisineType_Chinese,0.000337492732796818
Subregion_West Auckland,0.00029623648151755333
CuisineType_Japanese,0.00026167387841269374
CuisineType_Thai,0.000249078671913594
Segment_QSR,0.00022607628488913178
Radius_x_SDshare,0.00021638844918925315
Subregion_North Shore,0.00021101819584146142
Subregion_South Auckland,0.00020101650443393737
DeliveryShare,0.0
CuisineType_Pizza,0.0
CuisineType_Chicken Dishes,0.0
